,accuracy,precision,recall,f1
SVM_linear,0.7515151515151516,0.6855555555555556,0.7928571428571429,0.7135897435897436
SVM_Poly,0.7568181818181818,0.7100793650793651,0.8450000000000001,0.7501950826950827
Naive_Bayes,0.6825757575757576,0.6174603174603174,0.8816666666666666,0.7116849816849816
Decision_trees,0.7174242424242424,0.71,0.8006349206349206,0.6517282717282716
Logistic_Regression,0.7515151515151516,0.7237698412698412,0.7179365079365079,0.6312121212121212
Artificial Neural Network,0.696969696969697,0.6864285714285715,0.5820238095238095,0.6798701298701298
KNN,0.8015151515151515,0.8125,0.7480952380952381,0.7665406162464985
Bagging,0.8083333333333333,0.7933333333333332,0.7454761904761905,0.7166630591630592
