,accuracy,precision,recall,f1
SVM_linear,0.5515151515151515,0.0,0.0,0.0
SVM_Poly,0.5431818181818182,0.0,0.0,0.0
Naive_Bayes,0.6136363636363636,0.5597041847041846,0.8880952380952382,0.6797419247419247
Decision_trees,0.671969696969697,0.5882142857142857,0.709047619047619,0.719502442002442
Logistic_Regression,0.7250000000000001,0.7058333333333333,0.7442857142857143,0.6826839826839827
Artificial Neural Network,0.7060606060606062,0.4871428571428571,0.590952380952381,0.42232212232212235
KNN,0.5075757575757576,0.4442857142857143,0.48666666666666664,0.4766394716394717
Bagging,0.725,0.7235714285714285,0.6066666666666666,0.6767066267066266
