,accuracy,precision,recall,f1
SVM_linear,0.5522727272727274,0.11666666666666667,0.02,0.02857142857142857
SVM_Poly,0.46439393939393947,0.016666666666666666,0.0,0.0
Naive_Bayes,0.5356060606060605,0.5015873015873015,0.7533333333333333,0.5628279400338224
Decision_trees,0.4409090909090909,0.45714285714285713,0.44642857142857145,0.39181929181929187
Logistic_Regression,0.515909090909091,0.6191666666666666,0.4795238095238095,0.5383061383061383
Artificial Neural Network,0.5636363636363637,0.47285714285714275,0.3925,0.5067150496562262
KNN,0.421969696969697,0.3719444444444445,0.5670238095238096,0.42374347874347873
Bagging,0.46515151515151504,0.42952380952380953,0.4828571428571428,0.47061272061272064
